City_ID,City,Lat,Lng,Max Temp,Humidity,Cloudiness,Wind Speed,Country,Date
0,reggane,26.7158,0.1714,295.32,19,1,3.87,DZ,1705165081
1,kodinsk,58.6881,99.1844,259.59,94,100,3.37,RU,1705165081
2,pervomaysk,48.0443,30.8507,270.72,96,99,3.85,UA,1705165081
3,ushuaia,-54.8,-68.3,281.96,53,75,11.83,AR,1705164796
4,port-aux-francais,-49.35,70.2167,280.76,93,94,13.47,TF,1705165082
5,grytviken,-54.2811,-36.5092,275.86,83,48,12.29,GS,1705165082
6,invercargill,-46.4,168.35,283.72,94,100,4.02,NZ,1705165082
7,aasiaat,68.7098,-52.8699,263.84,82,100,2.82,GL,1705165083
8,waitangi,-43.9535,-176.5597,290.27,92,3,3.58,NZ,1705165083
9,west island,-12.1568,96.8225,301.14,94,32,5.66,CC,1705165083
10,tiksi,71.6872,128.8694,244.23,97,98,4.08,RU,1705165083
11,acajutla,13.5928,-89.8275,303.11,53,2,3.22,SV,1705165084
12,feni,23.0186,91.41,288.14,75,0,1.69,BD,1705165084
13,papatowai,-46.5619,169.4708,284.92,95,100,2.92,NZ,1705165084
14,vorgashor,67.5833,63.95,246.73,93,98,2.55,RU,1705165084
15,lalmonirhat,25.9124,89.4473,290.04,40,0,2.01,BD,1705165084
16,gunjur,13.2019,-16.7339,308.19,31,0,2.06,GM,1705165085
17,adamstown,-25.066,-130.1015,296.86,77,59,8.48,PN,1705165085
18,primero de mayo,-32.2552,-58.4228,305.27,26,0,4.85,AR,1705165086
19,ribeira grande,38.5167,-28.7,290.37,82,40,5.66,PT,1705165086
20,bethel,41.3712,-73.414,288.26,67,93,0.89,US,1705164789
21,nuuk,64.1835,-51.7216,274.75,59,100,1.9,GL,1705165086
22,tazovsky,67.4667,78.7,232.97,100,76,2.36,RU,1705165086
23,albany,42.6001,-73.9662,284.03,87,89,0.45,US,1705164983
24,georgetown,5.4112,100.3354,301.11,78,20,1.03,MY,1705165087
25,tidjikja,18.5564,-11.4271,303.01,7,82,6.18,MR,1705165087
26,isafjordur,66.0755,-23.124,273.0,87,97,3.61,IS,1705165088
27,puerto natales,-51.7236,-72.4875,289.4,36,75,9.77,CL,1705165088
28,kodiak,57.79,-152.4072,275.88,93,100,6.17,US,1705165089
29,zavodskoy,43.4597,132.2922,258.92,72,100,3.0,RU,1705165089
30,kerikeri,-35.2268,173.9474,290.88,92,24,0.96,NZ,1705164957
31,udachny,66.4167,112.4,244.51,75,100,3.23,RU,1705165089
32,nieuw nickerie,5.95,-56.9833,301.37,63,35,4.14,SR,1705165090
33,hermanus,-34.4187,19.2345,294.16,86,48,3.15,ZA,1705165090
34,iqaluit,63.7506,-68.5145,269.0,80,75,4.12,CA,1705165090
35,prainha,-1.8,-53.48,304.99,53,42,2.14,BR,1705165091
36,djamaa,33.5339,5.9931,286.31,45,27,1.12,DZ,1705165091
37,port elizabeth,-33.918,25.5701,297.09,82,20,4.12,ZA,1705165039
38,sao fidelis,-21.6461,-41.7469,304.12,80,83,1.7,BR,1705165091
39,bredasdorp,-34.5322,20.0403,296.28,69,76,4.88,ZA,1705164921
40,utrik,11.2278,169.8474,299.48,75,100,8.52,MH,1705165092
41,longyearbyen,78.2186,15.6401,259.06,66,75,7.2,SJ,1705165092
42,ust-nera,64.5667,143.2,228.55,97,72,1.55,RU,1705165092
43,remire-montjoly,4.9167,-52.2667,302.17,79,75,6.17,GF,1705165093
44,college,64.8569,-147.8028,247.33,72,0,1.54,US,1705165093
45,mukalla,14.5425,49.1242,296.64,77,44,1.58,YE,1705165093
46,bandon,51.7469,-8.7425,277.92,85,82,1.49,IE,1705165093
47,talnakh,69.4865,88.3972,237.89,91,24,3.2,RU,1705165093
48,whakatane,-37.9585,176.9854,291.77,99,42,1.74,NZ,1705165094
49,al jawf,29.5,38.75,287.31,31,1,0.61,SA,1705165094
50,vila do maio,15.1333,-23.2167,299.59,73,98,6.18,CV,1705165094
51,grand falls-windsor,48.9332,-55.6649,271.21,74,7,1.18,CA,1705165062
52,kashgar,39.4547,75.9797,272.71,47,40,1.0,CN,1705165095
53,kabompo,-13.5927,24.2008,293.33,93,73,1.34,ZM,1705165095
54,richards bay,-28.783,32.0377,298.82,92,21,1.82,ZA,1705164838
55,pisco,-13.7,-76.2167,298.18,69,0,3.6,PE,1705165097
56,piacabucu,-10.4056,-36.4344,303.36,59,4,5.66,BR,1705165098
57,aykhal,66.0,111.5,243.91,97,100,3.44,RU,1705165099
58,frolovo,49.7713,43.6622,248.92,97,7,2.72,RU,1705165099
59,puerto ayora,-0.7393,-90.3518,302.13,90,16,3.13,EC,1705165009
60,wailua homesteads,22.0669,-159.378,290.79,64,40,3.6,US,1705165099
61,san luis de la loma,17.2706,-100.8939,300.19,63,40,1.66,MX,1705165100
62,qaqortoq,60.7167,-46.0333,276.05,99,100,5.01,GL,1705165100
63,tazacorte,28.629,-17.9293,296.01,74,20,6.69,ES,1705165100
64,whitehorse,60.7161,-135.0538,249.83,73,100,1.54,CA,1705165100
65,avarua,-21.2078,-159.775,298.18,78,75,4.63,CK,1705165101
66,tura,25.5198,90.2201,286.82,63,0,1.63,IN,1705165101
67,praia da vitoria,38.7333,-27.0667,290.79,100,75,4.9,PT,1705165102
68,trincomalee,8.5711,81.2335,300.13,72,79,5.24,LK,1705165102
69,carnarvon,-24.8667,113.6333,296.06,81,0,7.75,AU,1705165102
70,muravlenko,63.7898,74.523,234.31,100,54,1.12,RU,1705165102
71,bilibino,68.0546,166.4372,240.82,96,93,0.77,RU,1705165103
72,uporovo,56.3109,66.2693,256.46,95,100,2.78,RU,1705165103
73,kourou,5.1552,-52.6478,302.18,67,45,3.73,GF,1705165103
74,la'ie,21.6477,-157.9253,295.13,68,75,6.74,US,1705165103
75,nahiyat al fuhud,30.9697,46.7228,291.49,34,28,4.69,IQ,1705165103
76,igarka,67.4667,86.5833,243.28,98,100,3.56,RU,1705165104
77,willowmore,-33.2926,23.4895,297.55,58,46,6.74,ZA,1705165105
78,punta del este,-34.9667,-54.95,300.91,67,75,4.12,UY,1705165105
79,rome,34.257,-85.1647,277.57,60,40,3.13,US,1705164662
80,chonchi,-42.6128,-73.8092,287.71,71,88,1.9,CL,1705165106
81,tofol,5.3248,163.0078,300.75,83,100,8.85,FM,1705165106
82,foix,42.8333,1.5833,279.13,71,13,2.89,FR,1705165107
83,eyl,7.9803,49.8164,298.52,84,9,8.35,SO,1705165107
84,yoloten,37.2989,62.3597,287.99,28,39,3.66,TM,1705165107
85,edinburgh of the seven seas,-37.0676,-12.3116,290.41,86,96,8.12,SH,1705165107
86,hawaiian paradise park,19.5933,-154.9731,292.61,84,20,2.57,US,1705165108
87,meiktila,20.8667,95.8667,289.75,58,0,2.12,MM,1705165108
88,ilulissat,69.2167,-51.1,265.23,77,100,2.21,GL,1705165108
89,blackmans bay,-43.0167,147.3167,285.22,69,3,3.08,AU,1705165108
90,changuinola,9.4333,-82.5167,298.68,74,16,2.24,PA,1705165109
91,badger,64.8,-147.5333,247.29,76,20,1.54,US,1705165109
92,okhotsk,59.3833,143.3,240.65,81,4,4.32,RU,1705165109
93,bikenibeu village,1.3673,173.1241,301.13,89,75,2.06,KI,1705165109
94,zhaotong,27.3167,103.7167,279.58,77,0,1.05,CN,1705165109
95,humberto de campos,-2.5983,-43.4611,299.13,82,100,2.8,BR,1705165015
96,barcelos,41.5388,-8.6151,285.23,94,100,2.67,PT,1705165110
97,saipan,15.1355,145.701,299.54,78,20,4.12,MP,1705165110
98,thompson,55.7435,-97.8558,242.24,69,75,4.12,CA,1705165110
99,iskateley,67.6803,53.1512,257.05,95,100,4.02,RU,1705165110
100,port mathurin,-19.6833,63.4167,301.69,77,98,4.58,MU,1705165110
101,anadyr,64.75,177.4833,261.43,92,75,2.0,RU,1705165111
102,cabo san lucas,22.8909,-109.9124,293.99,65,0,0.45,MX,1705165105
103,port douglas,-16.4833,145.4667,298.59,92,100,2.45,AU,1705165112
104,abalak,58.1286,68.5944,258.35,95,100,2.0,RU,1705165112
105,villamontes,-21.25,-63.5,309.12,34,62,0.52,BO,1705165112
106,pacific grove,36.6177,-121.9166,283.39,81,75,1.54,US,1705165113
107,namibe,-15.1961,12.1522,296.97,66,56,6.13,AO,1705165113
108,uturoa,-16.7333,-151.4333,300.56,80,100,7.47,PF,1705165113
109,tanjung pandan,-2.75,107.65,298.04,91,100,2.34,ID,1705165113
110,hithadhoo,-0.6,73.0833,300.54,73,83,1.2,MV,1705165114
111,nema,57.5067,50.5011,253.2,97,96,3.42,RU,1705165114
112,petropavlovsk-kamchatsky,53.0452,158.6483,262.29,81,75,2.68,RU,1705165114
113,olonkinbyen,70.9221,-8.7187,261.98,94,100,13.96,SJ,1705165114
114,burang,30.25,81.1667,267.95,37,3,0.93,CN,1705165114
115,geraldton,-28.7667,114.6,296.38,83,100,3.6,AU,1705165115
116,horta,38.5333,-28.6333,289.95,86,40,5.66,PT,1705165115
117,flekkefjord,58.2971,6.6607,276.45,78,71,9.29,NO,1705165115
118,kyshtovka,56.555,76.6271,265.56,92,100,6.26,RU,1705165115
119,sao felix do xingu,-6.6447,-51.995,301.01,81,89,1.44,BR,1705164954
120,banda aceh,5.5577,95.3222,299.38,81,95,5.17,ID,1705165115
121,ghanzi,-21.5667,21.7833,301.04,46,84,4.64,BW,1705165116
122,madaoua,14.073,5.96,301.58,9,16,4.36,NE,1705165116
123,queenstown,-31.8976,26.8753,294.45,81,69,5.72,ZA,1705165116
124,linxia chengguanzhen,35.6003,103.2064,271.13,38,2,0.78,CN,1705165116
125,nova sintra,14.8667,-24.7167,294.37,68,95,8.3,CV,1705165116
126,sinabang,2.4803,96.3801,300.22,81,100,1.65,ID,1705165117
127,ancud,-41.8697,-73.8203,287.58,68,45,4.69,CL,1705165117
128,maxcanu,20.5833,-89.9833,302.28,57,65,1.99,MX,1705165117
129,bathurst,-33.4166,149.5806,291.46,86,92,3.23,AU,1705165117
130,kenora,49.8167,-94.4337,249.69,77,100,3.6,CA,1705165118
131,kununurra,-15.7667,128.7333,300.14,94,100,1.03,AU,1705165118
132,kotabumi,-4.8333,104.9,297.5,91,94,1.67,ID,1705165118
133,yellowknife,62.456,-114.3525,234.57,82,0,4.12,CA,1705165118
134,crucecita,-28.95,-58.9833,303.38,60,0,3.37,AR,1705165118
135,mugia,43.1041,-9.2179,286.99,90,100,10.6,ES,1705165119
136,tolanaro,-25.0319,46.9987,300.19,74,20,9.26,MG,1705165119
137,santiago de cao,-7.9589,-79.2392,297.22,78,20,5.14,PE,1705165119
138,dalandzadgad,43.5708,104.425,261.3,68,3,3.16,MN,1705165119
139,playa del ingles,27.7567,-15.5787,299.01,38,99,0.45,ES,1705164970
140,zanjan,36.6736,48.4787,276.37,80,96,9.9,IR,1705165120
141,kem',64.9555,34.5793,262.75,93,100,5.0,RU,1705165121
142,stanley,54.868,-1.6985,276.92,89,20,3.6,GB,1705165121
143,katabu,-4.9333,122.5167,298.25,91,100,1.25,ID,1705165121
144,nanyang,32.9947,112.5328,283.84,72,0,1.18,CN,1705165122
145,lihue,21.9789,-159.3672,291.13,63,40,3.6,US,1705165122
146,palangkaraya,-2.2,113.8333,297.07,97,100,1.21,ID,1705165122
147,malvan,16.0667,73.4667,298.86,72,2,3.24,IN,1705165122
148,thonon-les-bains,46.25,6.5,268.46,91,16,2.26,FR,1705165123
149,belgrade,44.804,20.4651,271.96,79,0,2.57,RS,1705165123
150,bima,-8.4667,118.7167,299.23,84,99,0.92,ID,1705165123
151,port saint john's,-31.6229,29.5448,296.8,93,99,2.31,ZA,1705165123
152,walvis bay,-22.9575,14.5053,292.09,78,76,6.97,NA,1705165124
153,labytnangi,66.6572,66.4183,243.5,100,100,0.32,RU,1705165124
154,lazaro cardenas,17.9583,-102.2,299.6,64,95,1.18,MX,1705165065
155,nar'yan-mar,67.6713,53.087,257.1,95,100,4.02,RU,1705165125
156,las toscas,-28.3529,-59.258,305.73,49,0,3.19,AR,1705165125
157,keflavik,64.0049,-22.5624,276.39,100,75,0.51,IS,1705165125
158,south hedland,-20.4089,118.5983,302.11,84,5,7.2,AU,1705165125
159,ceelbuur,4.685,46.6176,301.0,59,21,7.98,SO,1705165125
160,molde,62.7375,7.1591,276.36,93,100,7.2,NO,1705165126
161,mkushi,-13.6202,29.3939,291.47,99,100,0.59,ZM,1705165126
162,mao,39.8885,4.2658,286.46,71,75,5.14,ES,1705165126
163,san martin,-33.081,-68.4681,300.45,37,42,3.34,AR,1705165126
164,gagliano del capo,39.8442,18.3695,281.51,66,8,3.6,IT,1705165126
165,mili,6.0815,171.735,300.78,74,100,9.99,MH,1705165126
166,nishinoomote,30.7333,131.0,286.98,56,0,2.29,JP,1705165126
167,hamilton,39.1834,-84.5333,268.7,76,100,6.69,US,1705164971
168,vilyuchinsk,52.9306,158.4028,263.11,87,100,3.3,RU,1705165127
169,holualoa,19.6228,-155.9522,293.06,73,100,2.57,US,1705165127
170,zaozersk,69.4005,32.4476,264.51,94,100,3.83,RU,1705165127
171,sayaxche,16.5167,-90.1667,299.4,67,69,2.05,GT,1705165127
172,balabac,7.9868,117.0645,300.69,82,39,8.48,PH,1705165128
173,san-pedro,4.7485,-6.6363,302.1,69,25,3.96,CI,1705165128
174,launceston,-41.45,147.1667,286.93,66,100,6.17,AU,1705164853
175,hadibu,12.65,54.0333,298.4,83,73,3.22,YE,1705165128
176,san patricio,28.017,-97.5169,293.07,42,1,4.43,US,1705165128
177,karratha,-20.7377,116.8463,302.12,55,19,8.55,AU,1705165128
178,panambi,-28.2925,-53.5017,301.94,66,62,1.93,BR,1705165128
179,sechura,-5.5569,-80.8222,301.98,58,14,3.31,PE,1705165129
180,hobyo,5.3505,48.5268,299.25,83,0,7.15,SO,1705165129
181,kulhudhuffushi,6.6221,73.07,301.23,73,80,5.87,MV,1705165129
182,polyarnyy,69.1989,33.4478,265.94,83,100,7.6,RU,1705165130
183,fortuna,40.5982,-124.1573,286.12,97,100,7.2,US,1705165130
184,port alfred,-33.5906,26.891,293.81,98,72,0.45,ZA,1705165130
185,pucheng,27.9233,118.5333,281.89,72,0,0.9,CN,1705165130
186,saint-philippe,-21.3585,55.7679,299.92,87,100,6.65,RE,1705165130
187,lorengau,-2.0226,147.2712,300.99,81,100,2.32,PG,1705165131
188,quellon,-43.1167,-73.6167,287.05,82,92,2.73,CL,1705165131
189,st. john's,47.5649,-52.7093,272.75,84,100,5.14,CA,1705164906
190,yelizovo,53.1873,158.3805,263.04,66,75,2.0,RU,1705165131
191,pasni,25.2631,63.471,295.94,69,27,5.74,PK,1705165131
192,khandyga,62.6667,135.6,232.24,99,93,0.93,RU,1705165131
193,boende,-0.2167,20.8667,304.41,37,99,0.88,CD,1705165132
194,muisne,0.6,-80.0333,300.04,81,63,3.26,EC,1705165132
195,saldanha,-33.0117,17.9442,299.18,92,60,4.95,ZA,1705165132
196,emerald,-23.5333,148.1667,295.56,81,9,3.77,AU,1705165132
197,nyurba,63.2842,118.3319,248.98,97,82,2.63,RU,1705165132
198,yeppoon,-23.1333,150.7333,298.03,86,34,5.75,AU,1705165132
199,pangody,65.85,74.4859,233.79,100,62,2.21,RU,1705165133
200,bairnsdale,-37.8333,147.6167,290.4,90,100,1.62,AU,1705165133
201,kapa'a,22.0752,-159.319,291.54,64,40,3.6,US,1705165133
202,nadym,65.5333,72.5167,236.65,99,79,3.34,RU,1705165133
203,la paz,-16.5,-68.15,292.36,40,75,4.12,BO,1705165133
204,mount gambier,-37.8333,140.7667,286.43,74,100,5.05,AU,1705165133
205,vila franca do campo,37.7167,-25.4333,291.42,99,98,7.85,PT,1705165133
206,wanning,18.8003,110.3967,294.98,81,82,2.97,CN,1705165134
207,taoudenni,22.6783,-3.9836,299.5,7,58,5.5,ML,1705165134
208,tozkhurmato,34.8905,44.6299,287.73,50,100,6.88,IQ,1705165134
209,mount pleasant,32.7941,-79.8626,285.93,43,0,8.23,US,1705165061
210,linares,-35.85,-71.6,302.17,13,0,3.33,CL,1705165134
211,potiskum,11.7091,11.0694,299.57,8,3,4.16,NG,1705165134
212,hammerfest,70.6634,23.6821,267.4,73,75,5.14,NO,1705165134
213,nizhneangarsk,55.7833,109.55,251.53,89,100,1.03,RU,1705165135
214,nemuro,43.3236,145.575,268.25,67,51,7.43,JP,1705165135
215,happy valley-goose bay,53.3168,-60.3315,259.32,66,20,5.14,CA,1705165023
216,san antonio de pale,-1.4014,5.6325,300.49,72,56,3.59,GQ,1705165135
217,ust-tsilma,65.441,52.1498,263.49,96,100,2.68,RU,1705165135
218,dryden,49.7833,-92.7503,248.31,77,0,1.54,CA,1705165135
219,mount pearl,47.5166,-52.7813,272.29,84,100,5.14,CA,1705165135
220,jamestown,42.097,-79.2353,272.92,84,100,9.26,US,1705164897
221,calama,-22.4667,-68.9333,296.42,31,0,8.23,CL,1705165136
222,atafu village,-8.5421,-172.5159,302.43,75,34,5.62,TK,1705165136
223,hasaki,35.7333,140.8333,272.37,54,47,6.73,JP,1705165136
224,codrington,-38.2667,141.9667,286.94,74,100,6.24,AU,1705165136
225,san luis,-33.295,-66.3356,303.23,41,22,4.79,AR,1705165136
226,muang khong,14.1167,105.85,297.58,55,97,2.3,LA,1705165136
227,muborak,39.2553,65.1528,285.92,34,21,5.57,UZ,1705165136
228,piti village,13.4626,144.6933,300.18,87,20,4.63,GU,1705165137
229,christchurch,-43.5333,172.6333,295.26,43,80,5.14,NZ,1705165064
230,ciudad lazaro cardenas,17.9583,-102.2,299.6,64,95,1.18,MX,1705165137
231,kolokani,13.5728,-8.0339,307.19,7,5,5.91,ML,1705165137
232,dudinka,69.4058,86.1778,237.41,91,44,2.24,RU,1705165137
233,afaahiti,-17.75,-149.2833,298.08,83,97,8.16,PF,1705165137
234,bardai,11.65,7.2333,299.63,8,1,4.16,NG,1705165138
235,fort bragg,35.139,-79.006,285.83,46,0,10.8,US,1705165138
236,belev,53.8119,36.1319,246.64,97,5,1.82,RU,1705165138
237,tinambac,13.8164,123.3261,297.05,90,97,4.89,PH,1705165138
238,nayoro,44.3506,142.4578,262.56,96,77,0.7,JP,1705165138
239,cabinda,-5.55,12.2,304.23,66,20,3.09,AO,1705165138
240,gizo,-8.103,156.8419,301.22,75,99,0.65,SB,1705165138
241,obo,5.3998,26.4869,300.62,25,96,1.72,CF,1705165138
242,koryazhma,61.3143,47.1691,261.99,89,100,3.92,RU,1705165139
243,istgah-e rah ahan-e garmsar,35.2346,52.3094,285.08,38,50,1.79,IR,1705165139
244,miles city,46.4083,-105.8406,244.42,72,32,6.09,US,1705165139
245,shiqian,27.5225,108.2281,288.86,87,100,1.29,CN,1705165139
246,maicao,11.3832,-72.2432,304.69,49,61,6.19,CO,1705165139
247,mandalay,21.9747,96.0836,290.34,67,0,1.15,MM,1705165139
248,sao joao da barra,-21.6403,-41.0511,304.2,84,82,3.64,BR,1705165140
249,weno,7.4515,151.8468,301.12,78,100,4.63,FM,1705165140
250,lebu,-37.6167,-73.65,289.24,70,39,7.58,CL,1705165140
251,umm kaddadah,13.6017,26.6876,295.56,12,18,5.03,SD,1705165140
252,nacozari viejo,30.4,-109.65,284.5,16,40,0.63,MX,1705165140
253,la passe,45.5549,-0.8967,276.28,76,55,3.49,FR,1705165140
254,kosh-agach,50.0,88.6667,254.43,60,100,0.45,RU,1705165140
255,howrah,22.5892,88.3103,287.15,77,0,3.09,IN,1705165141
256,puerto baquerizo moreno,-0.9,-89.6,301.7,74,40,7.2,EC,1705165141
257,mercedes,-34.6515,-59.4307,308.26,22,29,5.02,AR,1705165141
258,ceeldheer,3.8488,47.1806,299.37,81,26,9.71,SO,1705165141
259,arteche,12.2645,125.4048,298.55,87,70,5.53,PH,1705165142
260,bereznik,62.8551,42.7072,260.3,83,100,4.1,RU,1705165142
261,recani,31.2846,-4.2688,291.31,14,12,1.99,MA,1705165142
262,punta arenas,-53.15,-70.9167,286.21,47,40,11.32,CL,1705165143
263,laojunmiao,39.8333,97.7333,269.7,35,50,3.6,CN,1705165143
264,belmonte,-15.8631,-38.8828,302.93,61,12,4.85,BR,1705165143
265,luderitz,-26.6481,15.1594,296.04,60,0,12.87,NA,1705165143
266,chibougamau,49.9168,-74.3659,261.94,85,100,7.2,CA,1705165144
267,aljezur,37.3191,-8.8033,290.41,81,100,5.67,PT,1705165144
268,torrington,41.8007,-73.1212,287.47,94,83,2.24,US,1705165144
269,skovorodino,53.9833,123.9167,254.99,76,100,4.24,RU,1705165144
270,rongelap,11.1635,166.8941,300.24,70,80,8.5,MH,1705165145
271,itoman,26.1247,127.6694,288.37,63,0,1.03,JP,1705165145
272,singkil,-7.9855,111.4161,297.72,89,66,1.98,ID,1705165145
273,bhandara,21.1667,79.65,294.9,49,0,2.29,IN,1705165146
274,saint-pierre,-21.3393,55.4781,299.97,89,75,0.0,RE,1705165146
275,sakaiminato,35.55,133.2333,275.14,87,75,2.57,JP,1705165146
276,arac,41.2422,33.3277,267.72,85,76,0.63,TR,1705165146
277,tutoia,-2.7619,-42.2744,300.5,74,100,2.88,BR,1705165015
278,tlaltenango de sanchez roman,21.7833,-103.3167,294.69,15,61,2.64,MX,1705165147
279,lata,40.1629,-8.3327,288.05,94,100,2.95,PT,1705165147
280,wakkanai,45.4094,141.6739,265.42,86,100,3.58,JP,1705165147
281,enewetak,11.3474,162.3373,300.33,71,20,8.98,MH,1705165148
282,bengkulu,-3.8004,102.2655,298.08,90,98,2.62,ID,1705165148
283,veinticinco de mayo,-35.4323,-60.1727,306.3,29,94,4.65,AR,1705165148
284,vorkuta,67.5,64.0,246.8,93,98,2.3,RU,1705165148
285,colonia,50.9333,6.95,276.46,85,75,4.63,DE,1705164875
286,novaya igirma,57.1334,103.9112,257.42,85,100,3.95,RU,1705165149
287,tamandare,-8.7597,-35.1047,303.04,61,18,5.23,BR,1705165149
288,mar del plata,-38.0023,-57.5575,301.45,57,40,8.49,AR,1705165090
289,phitsanulok,16.9167,100.5,296.44,61,50,1.5,TH,1705165149
290,federacion,-31.0062,-57.8996,302.92,44,0,3.56,AR,1705165149
291,nieuw amsterdam,5.8833,-55.0833,305.24,62,40,2.06,SR,1705165150
292,mbuji-mayi,-6.15,23.6,298.25,77,36,1.4,CD,1705165150
293,amga,60.8953,131.9608,243.85,99,100,0.43,RU,1705165150
294,lai chau,22.3997,103.4517,286.72,96,21,1.44,VN,1705165150
295,gisborne,-38.6533,178.0042,290.95,83,1,3.54,NZ,1705165151
296,cles,46.3667,11.0333,273.59,52,1,2.12,IT,1705165151
297,mesyagutovo,55.5303,58.2528,247.93,97,91,2.33,RU,1705165151
298,shasta lake,40.6804,-122.3708,277.55,93,100,0.39,US,1705165151
299,manggar,-2.8833,108.2667,298.09,89,100,2.02,ID,1705165152
300,castro,-24.7911,-50.0119,297.26,68,99,2.36,BR,1705164947
301,dolores,-36.3132,-57.6792,301.24,38,62,3.74,AR,1705165152
302,sainte-marie,-20.8968,55.5496,300.24,90,75,6.69,RE,1705165152
303,merizo village,13.2658,144.6691,300.0,87,58,7.22,GU,1705165153
304,cascais,38.6979,-9.4215,291.0,93,75,7.15,PT,1705165153
305,newman,37.3138,-121.0208,279.98,88,99,0.45,US,1705165153
306,ponta delgada,37.7333,-25.6667,291.59,88,75,10.29,PT,1705165154
307,garachico,28.7781,-17.7646,294.53,83,20,6.69,ES,1705165154
308,santo antonio do ica,-3.1022,-67.9397,299.27,94,96,2.17,BR,1705165154
309,duzce,40.8389,31.1639,269.86,86,45,1.45,TR,1705165154
310,myeik,12.4333,98.6,298.72,81,77,1.69,MM,1705165095
311,sanand,22.9833,72.3833,294.27,23,32,3.25,IN,1705165155
312,usinsk,65.9939,57.5281,250.41,99,100,5.36,RU,1705165155
313,margaret river,-33.95,115.0667,297.71,55,43,5.26,AU,1705165155
314,arauca,7.0847,-70.7591,305.13,55,20,3.09,CO,1705165156
315,el bauga,18.262,33.9081,297.7,31,92,4.61,SD,1705165156
316,mejit,10.2753,170.8646,299.96,74,100,9.14,MH,1705165156
317,amos,48.5669,-78.1162,269.85,96,100,3.96,CA,1705165157
318,wonsan,39.1528,127.4436,271.53,59,93,3.47,KP,1705165157
319,new norfolk,-42.7826,147.0587,285.87,79,16,1.48,AU,1705165157
320,loikaw,19.6742,97.2094,286.99,48,0,1.58,MM,1705165158
321,nagato,34.3833,131.2,277.26,70,5,2.33,JP,1705165158
322,haxby,54.0164,-1.0768,281.16,89,66,2.39,GB,1705165158
323,kruisfontein,-34.0033,24.7314,295.86,80,35,4.45,ZA,1705165158
324,trenggalek,-8.05,111.7167,297.75,89,82,1.42,ID,1705165158
325,taytay,14.5678,121.1394,299.29,75,75,2.57,PH,1705165159
326,entebbe,0.0644,32.4469,296.33,78,20,1.03,UG,1705164923
327,vadso,70.0744,29.7487,266.64,79,75,5.66,NO,1705165159
328,rawah,34.4816,41.9093,289.19,51,100,4.13,IQ,1705165159
329,sumbawa besar,-8.5,117.4333,297.79,79,74,2.31,ID,1705165159
330,krasnoarmeyskaya,45.3661,38.2117,266.64,71,100,3.53,RU,1705165159
331,teluk nibung,3.001,99.8164,298.23,88,100,1.64,ID,1705165160
332,micheweni,-4.9667,39.8333,300.52,84,100,5.4,TZ,1705165160
333,zarinsk,53.7074,84.9493,258.37,87,82,1.83,RU,1705165160
334,sao vicente,-23.9631,-46.3919,299.81,70,100,1.54,BR,1705165160
335,mahavelona,-17.6848,49.5087,300.14,69,93,4.98,MG,1705165161
336,dubbo,-32.25,148.6167,297.22,57,66,5.66,AU,1705165161
337,santo augusto,-27.8508,-53.7772,302.9,61,25,1.77,BR,1705165161
338,prince rupert,54.3161,-130.3201,266.98,62,100,3.09,CA,1705164912
339,howard springs,-12.497,131.047,300.86,96,100,5.42,AU,1705165161
340,pathein,16.7833,94.7333,292.05,88,2,2.98,MM,1705165162
341,jahanabad,25.2167,84.9833,286.06,46,16,1.95,IN,1705165162
342,svetlyy,54.675,20.1347,273.18,98,100,7.66,RU,1705165162
343,portland,45.5234,-122.6762,266.73,79,100,16.98,US,1705164957
344,zayed city,24.3768,54.589,297.04,56,0,2.57,AE,1705165163
345,aktau,43.65,51.2,265.47,56,97,6.93,KZ,1705165163
346,gobabis,-22.45,18.9667,304.13,26,80,6.8,NA,1705165164
347,ulladulla,-35.35,150.4667,292.47,84,99,3.91,AU,1705165164
348,ta`u,-14.2336,-169.5144,299.51,87,100,8.15,AS,1705165164
349,kyosai,34.8503,128.5886,272.13,57,2,1.15,KR,1705165164
350,timmins,48.4669,-81.3331,259.05,72,100,8.75,CA,1705164948
351,phan thiet,10.9333,108.1,294.86,83,36,3.77,VN,1705165165
352,ketchikan,55.3422,-131.6461,266.41,73,100,1.54,US,1705164955
353,hendek,40.7994,30.7481,270.57,80,55,1.72,TR,1705165166
354,mogocha,53.7333,119.7667,246.19,99,90,1.73,RU,1705165166
355,parabel',58.6978,81.4825,264.21,91,99,5.36,RU,1705165166
356,rawai,7.7797,98.3253,298.21,72,61,6.28,TH,1705165166
357,tambopata,-12.7333,-69.1833,300.09,78,75,2.06,PE,1705165167
358,port moresby,-9.4431,147.1797,297.83,94,40,1.54,PG,1705165167
359,darwin,-12.4611,130.8418,300.9,88,40,5.66,AU,1705165166
360,novo aripuana,-5.1206,-60.3797,305.05,53,100,1.54,BR,1705165168
361,vanimo,-2.6741,141.3028,299.14,88,100,0.94,PG,1705165168
362,greymouth,-42.4667,171.2,289.75,93,90,3.3,NZ,1705165168
363,gadzhiyevo,69.2551,33.3362,266.85,81,100,8.68,RU,1705165168
364,lamu,-2.2717,40.902,301.27,85,99,6.17,KE,1705165169
365,jiazi,22.8779,116.067,288.31,86,12,5.28,CN,1705165169
366,camayenne,9.535,-13.6878,305.2,51,0,5.14,GN,1705164960
367,raduzhny,62.0961,77.475,253.57,99,98,2.19,RU,1705165169
368,great falls,47.5002,-111.3008,246.31,68,0,2.06,US,1705165169
369,copala,16.65,-98.9833,301.71,59,8,1.83,MX,1705165170
370,luanda,-8.8368,13.2343,303.15,80,75,6.17,AO,1705165170
371,elliot lake,46.3834,-82.6331,262.42,91,100,6.52,CA,1705165170
372,castelli,-25.9468,-60.6195,310.86,34,0,1.41,AR,1705165171
373,zahedan,29.4963,60.8629,286.1,33,0,3.09,IR,1705165171
374,muana,-1.5283,-49.2167,301.7,68,98,3.28,BR,1705165171
375,laayoune,27.1622,-13.2032,304.34,3,73,9.26,EH,1705165171
376,mahibadhoo,3.7833,72.9667,300.21,82,25,6.22,MV,1705165171
377,katsuura,35.1333,140.3,276.71,60,35,5.74,JP,1705165172
378,duba,27.3513,35.6901,293.11,52,45,0.82,SA,1705165172
379,den helder,52.9599,4.7593,280.14,87,100,8.05,NL,1705165172
380,lubao,14.9167,120.55,298.19,75,36,5.08,PH,1705165172
381,kavaratti,10.5669,72.642,301.43,68,92,3.71,IN,1705165173
382,nuku'alofa,-21.1333,-175.2,299.34,78,100,6.69,TO,1705165173
383,mwinilunga,-11.7358,24.4293,291.61,97,87,1.95,ZM,1705165173
384,yuzhno-kurilsk,44.0306,145.8556,270.03,68,100,9.6,RU,1705165173
385,inhambane,-23.865,35.3833,299.95,76,66,4.37,MZ,1705165173
386,constantia,44.1833,28.65,272.53,66,39,5.25,RO,1705165174
387,puga,21.5833,-104.8167,297.34,26,87,0.55,MX,1705165174
388,cockburn town,21.4612,-71.1419,300.13,65,40,4.63,TC,1705165174
389,island harbour,50.724,-1.2758,276.19,86,13,0.45,GB,1705165174
390,sibolga,1.7427,98.7792,298.08,90,99,1.45,ID,1705165174
391,rio negrinho,-26.2544,-49.5183,292.56,75,100,2.3,BR,1705165175
392,serowe,-22.3833,26.7167,298.54,64,97,2.36,BW,1705165175
393,klyuchi,52.2667,79.1667,266.84,82,99,5.74,RU,1705165175
394,zamora,-4.0692,-78.9567,304.75,69,32,1.34,EC,1705165046
395,tralee,52.2704,-9.7026,277.29,87,100,0.51,IE,1705165175
396,mossel bay,-34.1831,22.146,296.11,78,14,2.12,ZA,1705165176
397,hunstanton,52.95,0.5,279.32,90,41,4.07,GB,1705165176
398,antofagasta,-23.65,-70.4,294.75,68,34,4.89,CL,1705165176
399,nantucket,41.2835,-70.0995,287.21,100,100,11.32,US,1705165043
400,porto novo,6.4965,2.6036,305.05,62,100,4.68,BJ,1705165176
401,brookings,44.3114,-96.7984,248.81,73,100,12.86,US,1705164891
402,achacachi,-16.05,-68.6833,286.58,59,98,2.5,BO,1705165177
403,corinto,37.9407,22.9573,280.5,83,20,1.09,GR,1705165177
404,severo-yeniseyskiy,60.3725,93.0408,258.48,91,100,4.1,RU,1705165177
405,khark,29.2614,50.3306,293.16,73,89,0.0,IR,1705165177
406,hami,42.8,93.45,270.56,50,39,2.27,CN,1705165177
407,estevan,49.1334,-102.9842,240.34,68,100,9.77,CA,1705165110
408,jayapura,-2.5333,140.7,297.81,90,100,0.97,ID,1705165178
409,tchollire,8.4022,14.1698,302.14,11,91,1.54,CM,1705165178
410,palikir - national government center,6.9248,158.1611,300.56,83,100,3.6,FM,1705165178
411,sandnessjoen,66.0217,12.6316,273.44,75,76,10.91,NO,1705165178
412,kencong,-8.2833,113.3667,299.41,77,100,1.7,ID,1705165178
413,meadow lakes,61.6247,-149.6011,270.29,69,0,3.09,US,1705165179
414,panama city beach,30.1766,-85.8055,283.18,46,0,4.63,US,1705165017
415,calabozo,8.9242,-67.4293,308.17,31,4,2.95,VE,1705165180
416,coquimbo,-29.9533,-71.3436,292.0,72,40,5.14,CL,1705165180
417,agadez,19.75,10.25,293.08,11,92,4.42,NE,1705165180
418,qamdo,31.1667,97.2333,266.26,23,9,2.21,CN,1705165180
419,oakham,52.6667,-0.7333,278.94,87,100,2.06,GB,1705165180
420,coronel dorrego,-38.7187,-61.2873,305.0,33,30,8.18,AR,1705165181
421,el calafate,-50.3408,-72.2768,286.22,60,14,6.09,AR,1705165256
422,mermoz boabab,14.7065,-17.4758,309.46,65,0,4.12,SN,1705165256
423,gamay,12.3854,125.2979,299.89,74,82,5.46,PH,1705165256
424,bilajer,40.5681,50.0378,274.05,64,100,10.29,AZ,1705165256
425,caetite,-14.0694,-42.475,304.49,34,3,3.03,BR,1705165256
426,posadas,-27.3671,-55.8961,306.14,58,75,4.12,AR,1705165256
427,magdagachi,53.45,125.8,249.97,99,100,1.29,RU,1705165257
428,lombardia,19.15,-102.0333,300.0,36,99,2.23,MX,1705165257
429,atherton,53.5237,-2.4935,280.53,93,92,0.89,GB,1705165257
430,inarajan village,13.2736,144.7484,300.23,87,58,7.56,GU,1705165257
431,carentan,49.3031,-1.2481,274.97,80,5,1.84,FR,1705165257
432,port lincoln,-34.7333,135.8667,290.22,81,100,9.29,AU,1705165257
433,avon park,27.5959,-81.5062,293.65,70,100,5.6,US,1705165258
434,jablanica,43.6603,17.7617,276.22,74,0,0.61,BA,1705165258
435,manzini,-26.25,31.5,301.34,90,42,0.64,SZ,1705165258
436,sitka,57.0531,-135.33,268.6,73,100,1.41,US,1705165260
437,egilsstadir,65.2653,-14.3948,269.1,68,40,2.57,IS,1705165260
438,troitsko-pechorsk,62.7084,56.1964,250.2,99,100,2.24,RU,1705165261
439,chui,-33.6971,-53.4616,299.18,47,10,3.98,UY,1705165262
440,labrador city,52.9463,-66.9114,252.1,77,75,2.06,CA,1705165263
441,arkhangel'sk,64.5401,40.5433,263.22,85,100,5.0,RU,1705165264
442,kingscliff,-28.2667,153.5667,296.04,83,100,3.09,AU,1705165264
443,inyonga,-6.7167,32.0667,292.12,95,93,1.69,TZ,1705165266
444,kriva palanka,42.2019,22.3319,270.35,62,0,1.17,MK,1705164977
445,mata-utu,-13.2816,-176.1745,301.8,77,79,3.42,WF,1705165266
446,barra de santo antonio,-9.4047,-35.5072,302.75,65,19,4.73,BR,1705165267
447,alofi,-19.0595,-169.9187,299.39,77,100,11.3,NU,1705164978
448,ferkessedougou,9.6,-5.2,309.2,6,5,3.46,CI,1705165268
449,weligama,5.9667,80.4167,297.51,84,69,2.15,LK,1705165269
450,kemin,42.7846,75.6892,276.28,68,100,1.83,KG,1705165270
451,abepura,-2.6333,140.5833,297.6,94,40,1.03,ID,1705165271
452,taoyuan city,24.9937,121.297,293.13,69,0,6.69,TW,1705165271
453,shalya,57.2471,58.7298,241.38,100,100,1.8,RU,1705165272
454,bo phloi,14.3236,99.5161,296.88,79,28,1.3,TH,1705165272
455,ryotsu-minato,38.0833,138.4333,275.58,60,42,2.46,JP,1705165273
456,dwarka,22.2394,68.9678,294.75,59,0,4.81,IN,1705165274
457,buka,40.8108,69.1986,284.63,64,100,2.88,UZ,1705165275
458,de aar,-30.6497,24.0123,305.27,11,0,7.46,ZA,1705165275
459,dergachi,51.2328,48.7659,252.22,92,78,5.47,RU,1705165276
460,tabuk,17.4189,121.4443,292.79,85,96,1.28,PH,1705165277
461,ejura,7.3856,-1.3562,308.72,15,8,1.94,GH,1705165278
462,montepuez,-13.1256,38.9997,295.68,95,100,1.09,MZ,1705165279
463,coronel suarez,-37.4547,-61.9334,304.22,39,67,6.91,AR,1705165281
464,usogorsk,63.4106,48.6872,261.47,93,100,4.14,RU,1705165283
465,ivoti,-29.5911,-51.1606,305.36,41,16,2.73,BR,1705165284
466,gaillimh,53.2719,-9.0489,279.39,82,100,1.53,IE,1705165285
467,freetown,8.484,-13.2299,303.99,51,40,3.6,SL,1705165288
468,urzhar,47.093,81.6294,270.91,83,100,2.61,KZ,1705165289
469,sao raimundo nonato,-9.0153,-42.6994,308.58,27,41,3.2,BR,1705165293
470,mil'kovo,55.6078,37.7956,253.88,93,8,2.22,RU,1705165297
471,caribou,46.8606,-68.012,266.49,68,100,5.14,US,1705165299
472,samraong,12.4526,105.5873,297.83,54,94,2.65,KH,1705165303
473,strathmore,51.0501,-113.3852,243.9,62,10,4.12,CA,1705165305
474,hauterive,46.0901,3.4459,271.57,84,5,0.74,FR,1705165306
475,rabo de peixe,37.8,-25.5833,290.92,99,75,10.29,PT,1705165306
476,ginir,7.1333,40.7,290.62,42,21,0.82,ET,1705165306
477,salekhard,66.53,66.6019,245.21,99,100,1.58,RU,1705165308
478,imam qasim,32.298,44.6828,290.18,32,80,5.1,IQ,1705165308
479,tromso,69.6496,18.957,268.16,86,75,3.09,NO,1705165309
480,timbuktu,16.7735,-3.0074,302.86,5,46,4.2,ML,1705165319
481,lucea,18.451,-78.1736,303.07,65,6,3.07,JM,1705165320
482,bafang,5.1563,10.1788,297.77,42,78,1.6,CM,1705165320
483,solnechnyy,50.7214,136.6319,249.46,95,99,2.21,RU,1705165322
484,smithers,54.7804,-127.1743,249.33,77,75,2.06,CA,1705165324
485,kosong,38.3788,128.4676,274.42,51,24,3.68,KR,1705165326
486,al bayda',32.7627,21.7551,281.57,84,97,1.92,LY,1705165327
487,vicosa,-20.7539,-42.8819,300.07,74,92,3.81,BR,1705165328
488,shohimardon,39.9839,71.8028,272.58,57,100,1.63,UZ,1705165329
489,tobelo,1.7284,128.0095,299.34,81,95,1.43,ID,1705165330
490,springfield,37.2153,-93.2982,266.58,77,20,4.12,US,1705165277
491,shimokizukuri,40.8061,140.3861,274.0,68,100,5.52,JP,1705165331
492,nova vicosa,-17.8919,-39.3719,303.36,59,4,6.94,BR,1705165332
493,tangalle,6.024,80.7911,297.43,79,36,5.66,LK,1705165332
494,stephenville,32.2207,-98.2023,285.3,30,0,8.23,US,1705165333
495,pursat,12.3333,103.6667,296.44,67,43,1.51,KH,1705165333
496,fada,9.5667,8.3,302.18,10,26,1.43,NG,1705165334
497,touros,-5.1989,-35.4608,301.88,70,96,4.2,BR,1705165334
498,souk ahras,36.2864,7.9511,280.34,79,46,0.79,DZ,1705165335
499,aioun,16.6614,-9.6149,304.99,7,24,6.47,MR,1705165336
500,mount isa,-20.7333,139.5,300.02,74,87,0.0,AU,1705165259
501,vytegra,61.0064,36.4481,259.46,92,100,4.02,RU,1705165336
502,lengshuitan,26.4111,111.5956,288.78,91,7,1.02,CN,1705165337
503,duncan,34.5023,-97.9578,270.09,63,0,9.26,US,1705165317
504,salalah,17.0151,54.0924,297.1,85,50,2.67,OM,1705165338
505,soledade,-28.8183,-52.5103,302.01,50,10,2.63,BR,1705165339
506,calatayud,41.3535,-1.6432,286.31,62,85,1.76,ES,1705165340
507,vilyuysk,63.7553,121.6247,239.26,99,27,2.24,RU,1705165341
508,papao,-17.75,-149.55,298.97,81,98,8.4,PF,1705165342
509,pushkinskiye gory,57.0209,28.9103,260.26,83,100,4.26,RU,1705165343
510,minas de marcona,-15.2119,-75.1103,296.54,59,40,6.38,PE,1705165343
511,nyandoma,61.669,40.1991,258.28,93,100,4.34,RU,1705165345
512,tanout,14.9709,8.8879,297.47,6,60,6.11,NE,1705165346
513,kirakira,-10.4544,161.9205,299.82,86,85,1.23,SB,1705165347
514,chilca,-12.5211,-76.7372,297.31,78,31,3.65,PE,1705165348
515,chilaw,7.5758,79.7953,299.16,74,97,8.21,LK,1705165348
516,eenhana,-17.4667,16.3333,299.24,56,99,3.72,NA,1705165349
517,kittila,67.6647,24.8936,260.23,85,75,1.54,FI,1705165351
518,mikun',62.3547,50.0771,263.23,90,100,4.01,RU,1705165353
519,monroeville,40.4212,-79.7881,272.54,71,100,10.29,US,1705165354
520,berezovyy,51.6667,135.7,250.77,94,100,0.78,RU,1705165355
521,manaure,11.7751,-72.4445,304.35,53,47,6.68,CO,1705165356
522,homer,59.6425,-151.5483,272.1,86,100,2.73,US,1705165357
523,arawa,-6.2132,155.5367,298.68,91,100,0.97,PG,1705165359
524,talakan,50.3167,130.3667,254.89,98,100,1.66,RU,1705165368
525,vila velha,-20.3297,-40.2925,306.12,67,40,6.17,BR,1705165369
526,zakamensk,50.3741,103.2863,250.01,94,5,1.67,RU,1705165373
527,kalmunai,7.4167,81.8167,298.71,75,25,4.33,LK,1705165374
528,grand-bassam,5.2118,-3.7388,302.13,68,18,5.33,CI,1705165374
529,banska stiavnica,48.4486,18.91,269.33,87,20,1.92,SK,1705165374
530,ambovombe,-25.1667,46.0833,299.11,81,75,5.54,MG,1705165375
531,xinyu,27.8043,114.9334,287.25,67,34,0.69,CN,1705165375
532,alenquer,-1.9417,-54.7383,305.16,58,57,0.93,BR,1705165375
533,korostyshiv,50.3172,29.0563,264.53,98,98,1.42,UA,1705165375
534,svetogorsk,61.1121,28.8632,265.03,90,100,5.46,RU,1705165375
535,trairi,-3.2778,-39.2689,302.91,64,93,4.05,BR,1705165219
536,ugoofaaru,5.6667,73.0,301.03,77,68,7.55,MV,1705165376
537,muang phonsavan,19.45,103.2167,286.1,99,17,1.22,LA,1705165376
538,mont-laurier,46.5501,-75.4993,273.94,97,100,6.0,CA,1705165376
539,joao pinheiro,-17.7425,-46.1725,303.47,50,82,2.59,BR,1705165377
540,najran,17.4924,44.1277,293.51,20,3,1.8,SA,1705165377
541,pandan,14.0453,124.1694,298.12,86,73,7.06,PH,1705165378
542,maquoketa,42.0689,-90.6657,263.1,90,95,7.81,US,1705165379
543,poronaysk,49.2167,143.1167,248.6,95,9,1.57,RU,1705165380
544,diphu,25.8333,93.4333,286.58,82,0,0.39,IN,1705165380
545,acarau,-2.8856,-40.12,301.81,70,99,4.98,BR,1705165381
546,aitape,-3.1374,142.3475,299.32,88,100,0.76,PG,1705165382
547,cacapava do sul,-30.5122,-53.4914,300.72,44,0,3.43,BR,1705165244
548,saint-francois,46.4154,3.9054,270.84,88,100,2.57,FR,1705165383
549,monrovia,6.3005,-10.7969,304.02,70,13,5.13,LR,1705165348
550,calingasta,-31.3308,-69.4078,308.38,3,0,6.95,AR,1705165385
551,takanabe,32.1333,131.5,278.09,61,0,1.77,JP,1705165386
552,zhangye,38.9342,100.4517,271.42,39,0,1.67,CN,1705165386
553,ebon,4.582,168.6964,301.49,76,74,9.15,MH,1705165386
554,kristiansund,63.1115,7.732,277.51,87,100,3.09,NO,1705165387
555,guamal,9.1433,-74.2238,306.97,49,12,1.39,CO,1705165387
556,kalefeld,51.8,10.0333,276.77,92,100,4.47,DE,1705165388
557,heringen,50.888,10.0072,274.67,80,100,5.67,DE,1705165389
558,kavieng,-2.5744,150.7967,300.98,80,100,2.7,PG,1705165390
559,cadale,2.7603,46.3222,299.53,85,37,8.18,SO,1705165391
560,haugesund,59.4138,5.268,277.29,75,75,10.8,NO,1705165392
561,sisimiut,66.9395,-53.6735,270.68,63,100,4.48,GL,1705165392
562,concepcion,-36.827,-73.0498,292.04,59,20,5.66,CL,1705165380
563,lauro de freitas,-12.8944,-38.3272,304.16,58,20,7.2,BR,1705165394
564,figuig (centre),32.1089,-1.2286,289.01,18,17,2.71,MA,1705165394
565,fort-shevchenko,44.5086,50.263,267.85,58,99,7.11,KZ,1705165394
566,oranjemund,-28.55,16.4333,292.97,83,1,8.76,NA,1705165395
567,oppdal,62.5943,9.6912,272.39,96,100,4.03,NO,1705165396
568,kingston,17.997,-76.7936,304.4,64,20,6.69,JM,1705165238
569,akureyri,65.6835,-18.0878,270.11,74,75,3.09,IS,1705165397
570,east london,-33.0153,27.9116,295.67,94,100,3.09,ZA,1705165293
571,zouerate,22.7187,-12.4521,301.4,6,68,5.26,MR,1705165398
572,wyndham,37.6985,-77.6125,284.04,51,40,10.29,US,1705165399
573,cruzeiro do sul,-29.5128,-51.9853,303.44,62,31,1.8,BR,1705165399
574,fauske,67.2588,15.3918,271.36,87,100,3.06,NO,1705165400
575,zuunmod,47.7069,106.9528,241.72,85,3,1.14,MN,1705165400
576,francistown,-21.17,27.5079,300.14,58,100,4.91,BW,1705165400
577,haiku-pauwela,20.9219,-156.3051,292.06,87,40,3.09,US,1705165401
578,merowe,18.4833,31.8167,295.09,15,36,4.08,SD,1705165401
579,rio grande,-32.035,-52.0986,301.21,57,3,6.13,BR,1705165401
580,bodaybo,57.8506,114.1933,244.24,97,99,1.03,RU,1705165402
581,kudymkar,59.0173,54.656,238.94,100,56,1.6,RU,1705165402
582,atar,20.5169,-13.0499,305.14,7,82,5.18,MR,1705165380
583,opuwo,-18.0607,13.84,302.25,17,94,7.51,NA,1705165404
